{"cameraMode":{"drawMode":0,"name":"Shaded","section":"Shading Mode"},"sceneLighting":true,"audioPlay":false,"sceneViewState":{"m_AlwaysRefresh":false,"showFog":true,"showSkybox":true,"showFlares":true,"showImageEffects":true,"showParticleSystems":true,"showVisualEffectGraphs":true,"m_FxEnabled":true},"in2DMode":false,"pivot":{"x":0.7470890879631043,"y":0.2472783327102661,"z":19.234745025634767},"rotation":{"x":-0.07219525426626206,"y":0.03767360374331474,"z":-0.0027290047146379949,"w":-0.9966736435890198},"size":3.8849782943725588,"orthographic":false}