{"cameraMode":{"drawMode":0,"name":"Shaded","section":"Shading Mode"},"sceneLighting":true,"audioPlay":false,"sceneViewState":{"m_AlwaysRefresh":false,"showFog":true,"showSkybox":true,"showFlares":true,"showImageEffects":true,"showParticleSystems":true,"showVisualEffectGraphs":true,"m_FxEnabled":true},"in2DMode":false,"pivot":{"x":3.3542208671569826,"y":4.07334041595459,"z":17.365110397338868},"rotation":{"x":-0.025324979797005655,"y":0.11700484901666641,"z":0.0029980174731463196,"w":0.9928104281425476},"size":10.541460990905762,"orthographic":false}